ham,Hey are we still meeting tomorrow?
spam,You won a lottery! Click here to claim your prize.
ham,Please find the attached report.
spam,Claim your free voucher now!
ham,Are you coming to the office today?
spam,Your account has been suspended! Verify now.
ham,Let's schedule the meeting for Monday.
spam,Congratulations! You have been selected for a free gift.
ham,Call me when you reach home.
spam,You have been chosen to receive a $1000 gift card.
ham,Did you submit the assignment?
spam,URGENT! Your bank account will be closed. Act now.
ham,We can have lunch together if you’re free.
spam,Free Bitcoin giveaway! Limited time offer.
ham,Please respond to my email as soon as possible.
spam,Win a brand new iPhone today! Limited seats.
ham,I'll send the document after the meeting.
spam,Your mobile number has won 25,000 rupees. Click to claim.
ham,Can you share the meeting link?
spam,FREE access to premium courses. Register now.
ham,Let me know if you need help with the presentation.
spam,Your PayPal account has an unauthorized login.
ham,Let's leave early today.
spam,Lottery confirmed! You are the lucky winner.
ham,I will update you shortly.
spam,Get rich quickly with this crypto scheme.
ham,Don't forget the team call at 3 PM.
spam,Attention! Your ATM card is blocked.
ham,The file has been uploaded to Drive.
spam,Exclusive deal! Buy now and save 70%.
ham,Can you help me with this code?
spam,You have a pending delivery. Pay ₹50 to release your package.
ham,Meeting rescheduled to Friday.
spam,Act now to prevent SIM deactivation.
ham,Let me know your availability.
spam,Get free Netflix subscription for 1 year.
ham,Thanks for your support.
spam,Click here to verify your KYC immediately.
ham,I will share the screenshots.
spam,Your Amazon account will be locked in 24 hours.
ham,Let's review the design tomorrow.
spam,Congratulations! You earned a scratch reward.
ham,I'll check and get back to you.
spam,Win a free vacation trip to Maldives.
ham,Please send the invoice.
spam,Unlock free rewards! Log in now.
ham,Let me know once you're done.
spam,Your credit score is low. Improve instantly!
ham,Are we still on for dinner?
spam,Your password will expire. Reset immediately.
ham,I’ll call you after the meeting.
spam,You were selected for a cash prize.
ham,Don't forget to submit your ID card.
spam,You have been shortlisted for a bonus reward.
ham,I’ll handle it.
spam,Your mobile bill is overdue. Pay now to avoid fines.
ham,What time should we start?
spam,Get paid ₹10,000 per day working from home.
ham,I'll reply in a minute.
spam,CLICK NOW—final chance to win ₹50,000.
ham,Let's move the discussion to tomorrow.
spam,Your WhatsApp number is selected for a special prize.
ham,Thanks for informing me.
spam,Your UPI account will be disabled in 24 hrs.
ham,Send me the final version.
spam,FREE insurance benefits available. Register today.
ham,I’ll meet you at the cafeteria.
spam,Exclusive sunglasses discount! Only today.
ham,Can you share the updated timeline?
spam,Your electricity connection will be cut—pay immediately.
ham,I'll double check and confirm.
spam,Final notice! Pay your overdue amount now.
ham,Are you joining the Zoom call?
spam,You won 5 lakh rupees. Verify details now.
ham,The server is back online.
spam,Celebrate Diwali with HUGE discounts!
ham,Let me know if you face any issues.
spam,Get a free credit report now.
ham,Thank you for the update.
spam,Your GST details need urgent verification.
ham,I'll finish the task soon.
spam,You are selected for a free Diwali gift box!
ham,See you after lunch.
spam,Limited time bonus reward. Claim now.
ham,Please check the notes I sent.
spam,You are pre-approved for a high-value loan.
ham,Join the meeting at 10 AM.
spam,Win cash instantly! Spin the wheel.
ham,I’ll send it in the morning.
spam,Pay ₹10 to complete KYC and receive ₹500 cashback.
ham,Call me after work.
spam,Free laptop offer for students! Register now.
ham,I’m out for lunch, will reply later.
spam,This is your final reminder to update PAN details.
ham,Share the feedback after review.
spam,Congratulations! You are today's lucky winner.
ham,I'll complete this by evening.
spam,Your SBI account has suspicious activity.
ham,Don’t forget the appointment.
spam,Free recharge coupon worth ₹100.
ham,Let's catch up soon.
spam,Your loan request is approved. Click to proceed.
ham,Check your calendar for availability.
spam,Your SIM will be disabled for KYC failure.
ham,I’ll create the report.
spam,Gift your loved ones! Limited stock sale.
ham,Where should we meet?
spam,You have won a cash reward of ₹75,000.
ham,Talk to you later.
spam,Early Black Friday sale up to 90% OFF!
ham,I sent you the correct file now.
spam,Your PAN card is invalid. Update now.
ham,I will look into this tomorrow.
spam,Congrats! You got a ₹1,000 shopping reward.
ham,Join the call in 5 minutes.
spam,Renew your subscription to avoid deactivation.
ham,All done from my side.
spam,Big offer! Get free trial access today.
ham,I’ll bring the documents.
spam,Your mobile number has been randomly selected for prize money.
ham,That sounds good to me.
spam,Don't miss out—final discount ends tonight.
ham,We will fix this soon.
spam,Update Aadhaar immediately to avoid penalties.
spam,Limited-time offer! Save 70% on all products.
ham,Did you receive my previous email about the project?
spam,Your package is waiting for delivery confirmation.
ham,Let's go for dinner tonight if you're free.
spam,This is your FINAL warning. Update your account immediately.
ham,Thank you for your payment. Your order is confirmed.
spam,Win a free vacation to Dubai. Register now!
ham,Please review the attached document and revert.
spam,Your refund of $900 is ready. Provide your bank details.
ham,Can you send me the notes from yesterday's meeting?
spam,Congratulations! Claim your Amazon gift card here.
ham,I'll be late to the office today.
spam,You have been selected for a free membership!
ham,Don't forget the appointment at 3 PM.
spam,Your Netflix account has been locked. Verify here.
ham,Happy birthday! Hope you have a wonderful day.
spam,You have pending rewards. Click to claim now.
ham,Can you book a cab for the morning?
spam,Your credit score has changed. Check now.
ham,Meeting rescheduled to 11 AM.
spam,You won a prize! Submit info to receive.
ham,Let's prepare for tomorrow's review.
spam,You have received a secure message. Open here.
ham,I'll send the file after lunch.
spam,Get rich quick with this simple trick.
ham,Just checking in. How are you doing?
spam,Your transaction of $500 is on hold.
ham,I received your message. Thanks.
spam,Free Bitcoin giveaway! Limited entries.
ham,I will call you back in 10 minutes.
spam,Your Apple ID has unusual activity. Verify immediately.
ham,Please approve the expense report.
spam,Earn $300 per day from home. Start now.
ham,Can you help me debug this code?
spam,Your PayPal account has been limited. Take action.
ham,I’ve scheduled the doctor’s appointment for Friday.
spam,Exclusive loan offer! Instant approval.
ham,Let me know when you reach.
spam,You got selected for FREE access to our premium tools.
ham,Here is the information you asked for.
spam,Your email storage is full. Clear now.
ham,Can you send me the invoice?
spam,FREE voucher inside! Don’t miss it.
ham,Your package has been delivered.
spam,Withdraw your free money now.
ham,Do we have a meeting today?
spam,FINAL notice: claim your insurance reward.
ham,I’ve updated the document as discussed.
spam,Your mobile number won ₹50,000. Claim now.
ham,Can we postpone the meeting?
spam,Activate your free bonus before it expires.
ham,Shall we meet this weekend?
spam,Important tax refund notification.
ham,Let me know the status of the report.
spam,Your system is infected. Download antivirus.
ham,Are you comfortable with the new plan?
spam,Too good to miss—free investment advice!
ham,Thanks for the quick response.
spam,Your bank account will be suspended soon.
ham,I have attached the updated list.
spam,Get 80% discount on premium accounts.
ham,Lunch break?
spam,Your device is hacked. Pay ransom to recover files.
ham,Let’s catch up in the evening.
spam,FREE CASH ALERT: Click to collect.
ham,Good morning! Sharing today's agenda.
spam,Your social media account password expired.
ham,See you at the event tomorrow.
spam,Unlimited data for free. Only today!
ham,I will check and get back to you.
spam,Your reward points are expiring today.
ham,Could you review this?
spam,Your computer needs immediate update.
ham,What time is your interview?
spam,You are shortlisted for a grand prize.
ham,I'll forward the report soon.
spam,FREE entry to today's lucky draw.
ham,Please arrange a call with the team.
spam,Claim your free NFT now!
ham,Do you need help with anything?
spam,Your SBI KYC needs immediate verification.
ham,Call me when you’re free.
spam,You have a free recharge coupon.
ham,Let’s finalize the draft today.
spam,Your UPI account has been blocked.
ham,I’ll join the meeting in 5 minutes.
spam,Complete this survey to win $100.
ham,Please check the attached PPT.
spam,Your Aadhaar card is expiring soon.
ham,Reminder: Complete your assignment.
spam,Get a free sample delivered to your doorstep.
ham,I’ll send the updated details shortly.
spam,Massive discounts on electronics today!
ham,Let's plan something fun for Sunday.
spam,Your debit card will be disabled soon.
ham,Do we need another presentation?
spam,Click here to increase your credit limit.
ham,The file has been successfully uploaded.
spam,FREE surprise gift inside!
ham,I finished the task you assigned.
spam,Your Amazon rewards are waiting.
ham,Can you call the client?
spam,Recharge now and get double benefits.
ham,I'll reach office by 10.
ham,Don't forget to bring the project documents tomorrow.
spam,You've been selected for a free rewards card.
ham,Did you submit the assignment?
spam,Congratulations! You're the lucky weekly winner.
ham,Let’s catch up this weekend.
spam,Your loan has been approved. Click to proceed.
ham,I left the keys on the table.
spam,Your tax refund is pending. Act now!
ham,Meeting is postponed to Thursday.
spam,Unlock exclusive VIP access for free!
ham,Can you send me the updated file?
spam,You’re pre-approved for a free credit upgrade.
ham,Let me know when you reach.
spam,Your Facebook account has unusual activity. Verify.
ham,Please attend the HR meeting at 4 PM.
spam,Buy 1 get 1 free — offer ends today!
ham,I will book the tickets tonight.
spam,Win exclusive holiday prizes now!
ham,The office will remain closed on Friday.
spam,Your email has been compromised. Change password.
ham,I need your help with the report.
spam,Exclusive crypto giveaway — claim instantly.
ham,I have attached the design mockups.
spam,Your payment has failed. Click to fix.
ham,Let’s finalize the plan today.
spam,You have pending rewards waiting to be claimed.
ham,I will join the call in 5 minutes.
spam,Only today — 80% off on all mobile phones!
ham,Please send me the address.
spam,Claim your free shopping voucher now.
ham,We should discuss this in detail.
spam,Your PC is infected! Scan immediately.
ham,I'll be there by 6 PM.
spam,You are eligible for a free insurance policy.
ham,Let me know if this works.
spam,New message from bank – verify your card.
ham,Let’s schedule a quick call.
spam,Your phone number has won a promotion.
ham,Team lunch is at 1 PM.
spam,Activate your free trial now.
ham,I will check and update you soon.
spam,Instant loan approved — apply online.
ham,Please check the grammar in the document.
spam,Congratulations! You’ve earned cashback rewards.
ham,I finished the task you assigned.
spam,Your parcel is stuck at customs. Pay fee.
ham,The meeting went well.
spam,Get free lifestyle accessories now.
ham,Call me when you’re free.
spam,Amazon lucky draw — claim now.
ham,I uploaded the files to the drive.
spam,Update your billing info to avoid suspension.
ham,We will start at 10 sharp.
spam,Your video subscription expires today! Renew.
ham,Did you receive the package?
spam,Final warning — verify your identity.
ham,Forward me the screenshots.
spam,Experience free unlimited browsing.
ham,I will revise the presentation.
spam,Your mobile number is selected for rewards.
ham,Please check your email for confirmation.
spam,Take advantage of our limited-time deals!
ham,I need access to the dashboard.
spam,Urgent! Your bank card is blocked.
ham,Let’s review this in tomorrow’s meeting.
spam,Win amazing prizes in our mega contest.
ham,I forwarded your request to IT.
spam,Your account is at risk. Secure it now.
ham,Send the updated version.
spam,Grab your free smartwatch today!
ham,I can't open the PDF.
spam,You have received a secret bonus offer.
ham,We should leave by 8 AM.
spam,Your crypto wallet is expiring. Restore.
ham,The invoice is attached.
spam,Exclusive limited-time promotional offer!
ham,I will get back to you soon.
spam,Your funds are waiting to be released.
ham,Take a look at the changes I made.
spam,Alert! Multiple login attempts blocked.
ham,Let’s have a quick discussion.
spam,You qualify for premium membership for free!
ham,Can you approve the request?
spam,Claim your free games download.
ham,I'll check with the finance team.
spam,Important security alert — update required.
ham,Please drop the documents at my desk.
spam,Your PayPal account needs verification.
ham,Let me know if we need to reschedule.
spam,Get your free stock trading bonus today!
ham,I have shared the details below.
spam,You have an unclaimed tax rebate.
ham,I'll update you after the meeting.
spam,Click now to participate in the lucky draw.
ham,Can you resend the link?
spam,Your bank transfer is on hold — fix now!
ham,The changes look good to me.
spam,Congratulations! Free rewards unlocked.
ham,I'll check with the manager.
spam,Your Netflix subscription has expired. Pay now.
ham,Do we need to prepare anything else?
spam,You’re selected for unlimited cashback.
ham,I’ll complete the task by evening.
spam,Security alert: unusual login detected!
ham,Please attach the file again.
spam,You qualify for a free flight upgrade!
ham,Let’s go through this once again.
spam,Update password immediately to avoid lockout.
ham,I will call you after lunch.
spam,You won a free smartwatch giveaway!
ham,Can we meet for lunch at 1 PM tomorrow?
ham,Please check the files and approve them before evening.
spam,Win $100 cash instantly by filling this quick survey.
ham,Don't forget tomorrow's appointment at 3 PM.
spam,You have been pre-approved for a loan up to $50,000.
ham,Call me when you reach the station.
spam,Free membership activated! Enjoy unlimited access.
ham,I need the photos you took yesterday.
spam,Your computer is infected! Download antivirus now.
ham,Let's finalize the project draft today.
spam,You have been selected for a surprise reward.
ham,Please inform me once you receive the parcel.
spam,Your WhatsApp number won a prize! Click to see details.
ham,We should plan a trip this weekend.
spam,Your phone number was chosen in our lucky draw.
ham,Please let me know your availability.
spam,Save up to 70% on luxury items—only today!
ham,The seminar has been postponed to next week.
spam,This is your final reminder to claim your cashback.
ham,Can we reschedule the meeting to Friday?
spam,Claim 50% off on all electronics today.
ham,Please upload the report before night.
spam,Buy 1 Get 1 FREE—Limited offer.
ham,Your subscription has been renewed successfully.
spam,Your Amazon account is locked. Verify to unlock.
ham,Let's catch up this evening.
spam,Congratulations! You've been gifted a premium watch.
ham,Send me the meeting minutes.
spam,Your account requires urgent verification.
ham,The password reset request has been approved.
spam,Gift voucher worth ₹5000 waiting for you!
ham,I'll pick up the groceries on the way.
spam,You are eligible for our exclusive VIP offer.
ham,Let’s start the training session tomorrow.
spam,Your prize money will expire tonight.
ham,I have shared the presentation in the drive.
spam,Earn money by watching videos—Register now.
ham,We will reach in 10 minutes.
spam,This investment scheme guarantees huge profit.
ham,Do you have a minute to discuss the proposal?
spam,Your ATM card is blocked! Reactivate now.
ham,Let’s plan a quick zoom call.
spam,You are shortlisted for our exclusive giveaway.
ham,Please complete the task today.
spam,Your PayPal payment was declined. Fix it here.
ham,Send the updated brochure.
spam,FREE bonus coins added to your wallet.
ham,I will call you after the meeting.
spam,Your social media account has suspicious login attempts.
ham,Please check the attached invoice.
spam,Your number is one of the lucky winners!
ham,Can you verify this information?
spam,Congratulations! Your cashback has been approved.
ham,The meeting is postponed to Wednesday.
spam,FREE recharge offer! Click to claim.
ham,Let's wrap this project by tomorrow.
spam,Your subscription expires today. Renew now.
ham,Please forward me the client details.
spam,New crypto investment plan—Get 5x returns.
ham,Don't forget to send the details.
spam,You are invited to an exclusive trading webinar.
ham,I have emailed you the corrections.
spam,Your PAN card details need urgent verification.
ham,Can we discuss this tomorrow morning?
spam,Win exciting rewards using this promo code.
ham,The bill has been paid successfully.
spam,Limited-time discount! Grab the offer now.
ham,Call me if you need any help.
spam,Your KYC is pending. Complete now.
ham,The train will arrive in 15 minutes.
spam,FREE shopping voucher—Claim instantly.
ham,Let me know once you reach home.
spam,Your phone has won a lucky draw.
ham,Your session will start shortly.
spam,Exclusive deals unlocked for you—Open now.
ham,Please reply to the client by today.
spam,Your payment has failed! Resolve instantly.
ham,Thanks for the update.
spam,FREE gaming credits—Activate now.
ham,I will join late today.
spam,Your bank account will be suspended. Verify now!
ham,Send the agenda for the meeting.
spam,You've earned a special discount coupon!
ham,Let me know the final budget.
spam,Your parcel cannot be delivered. Update your address.
ham,We will be working from home tomorrow.
spam,Activate premium membership at 80% OFF.
ham,Your test results are ready for download.
spam,You’ve been selected for an exclusive travel offer.
ham,I have completed the assignment.
spam,Win an LED TV by participating in this contest.
ham,Let’s complete this task first.
spam,Your email storage is full. Click to increase space.
ham,Please draft the email.
spam,Get health insurance for only ₹5 per day.
ham,We will connect after lunch.
spam,You qualify for a free vacation package.
ham,Share the feedback once done.
spam,Your mobile is at risk. Scan now.
ham,I forgot to bring my charger.
spam,Congrats! Unlock your premium reward.
ham,Let’s review the document together.
spam,Your Aadhar needs immediate update.
ham,Please confirm attendance for tomorrow.
spam,Cash prize waiting to be claimed!
ham,Send your updated resume.
spam,25% cashback unlocked—Claim before midnight.
ham,Meeting link shared in email.
spam,Exclusive loan pre-approval just for you.
ham,We will have a training session at 4 PM.
spam,Your electricity bill payment failed. Pay again here.
ham,I'll be offline for 2 hours.
spam,Your refund is ready—Verify details now.
ham,Let's start with the new task list.
spam,Your tax filing is incomplete! Finish now.
ham,Can we postpone the meeting to next Thursday?
spam,Your PayPal account has been compromised. Verify immediately.
ham,Please update the project sheet before today’s standup.
spam,You have been chosen for a FREE Samsung Galaxy! Claim now.
ham,Let’s finalize the slides for the upcoming seminar.
spam,URGENT! Your bank account will be locked. Click to avoid deactivation.
ham,I will reach the office by 10 AM today.
spam,Get a $500 Amazon Gift Card instantly! Limited time.
ham,The client approved the UI changes we sent yesterday.
spam,Your subscription has expired. Renew immediately to avoid penalty.
ham,Can you upload the required documents to the portal?
spam,FINAL NOTICE: Your parcel is waiting. Pay customs fee to release.
ham,I have shared the Zoom link for today’s presentation.
spam,Win a luxury vacation for 7 days! Enter your details to participate.
ham,I will drop the signed documents at the office tomorrow.
spam,Your account has been flagged for unusual activity. Login to verify.
ham,Let’s sync once you are done reviewing the document.
spam,Download this software update to continue using your services.
ham,Please cross-check the invoice before sending it to the client.
spam,FREE Gift card inside! Click to open your reward.
ham,Can you review my code and give feedback?
spam,Congratulations! You have earned a cash bonus! Claim now.
ham,I will start working on the backend module today.
spam,Your password is about to expire. Click here to renew instantly.
ham,Please arrange the chairs for the workshop in the hall.
spam,Lottery announcement! You are the second prize winner!
ham,Did you complete the deployment steps?
spam,Your mobile number has won 5 lakh rupees! Contact us.
ham,I will submit the test report before evening.
spam,IMPORTANT: Confirm your email address or lose access.
